Question,Answer
Good Morning ,Good Morning  Welcome to   Christ University  where academic excellence meets innovation
Good Evening,Good Evensing Welcome to   Christ University  where academic excellence meets innovation
Hi, Welcome to  Christ University  where academic excellence meets innovation
How is Christ University?,"Christ University NCR (Ghaziabad campus) is well-regarded for academics and faculty quality, but reviews highlight mixed experiences with placements and hostel facilities. Overall student rating averages around 4.0/5, with strong infrastructure and campus life but weaker placement outcomes compared to the Bangalore campus."
What are the most popular courses or majors here?,"Christ (Deemed-to-be-University) is renowned for its BBA, BCA, BCom, and B.Sc. in Psychology, consistently ranking among the top in India. These programs, along with BA in Economics Honours and various media studies, are highly sought after due to their industry-aligned curriculum and excellent placements, particularly at the Bangalore Central Campus. "
How often is the curriculum updated to match industry trends?,"Christ (Deemed to be University) updates its curriculum to match industry trends on a regular, annual, and continuous basis through a 360-degree feedback system Annual Review Cycle: Curriculum Development Committees (CDC) and Boards of Studies (BOS) review and update the curriculum annually, with feedback collected from October to January for the following academic year.
360-Degree Feedback: The university collects input from a diverse group of stakeholders, including industry experts, employers, alumni, faculty, and students, to ensure the syllabus is aligned with current job market requirements.
Industry-Driven Changes: Specific, tangible changes are made based on this feedback, such as updating course content with industry case studies, introducing new skill-based, value-added courses, and incorporating emerging technology topics.
Key Focus Areas: The updates prioritize employability, skill development, and entrepreneurship, often incorporating tools like Python, SQL, generative AI, and data analytics.
NEP Alignment: The curriculum is regularly updated to align with the National Education Policy (NEP) 2020 framework. "
Can students participate in inter-college competitions?,Please contact Christ University NCR for more information.
What facilities are available at Christ University NCR?,Please contact Christ University NCR for more information.
What is the contact number of Christ University NCR?,"Christ University NCR is a reputed institution affiliated with Christ (Deemed to be University), Bengaluru. It is NAAC accredited and located in Ghaziabad, NCR region."
Are internships mandatory at Christ University NCR?,Christ University NCR has a dedicated placement cell that organizes training and invites reputed companies for campus recruitment. The average package varies by program.
Can international students apply to Christ University NCR?,Admissions at Christ University NCR are conducted online through the official portal. Candidates must meet eligibility criteria and may need to appear for entrance tests and interviews depending on the program.
How qualified are the faculty at Christ University NCR?,"The faculty at Christ University NCR are highly qualified, with many holding doctoral degrees and industry experience. Guest lectures and industry interactions are common."
What is the contact number of Christ University NCR?,"Christ University NCR is a reputed institution affiliated with Christ (Deemed to be University), Bengaluru. It is NAAC accredited and located in Ghaziabad, NCR region."
What undergraduate programs are offered at Christ University NCR?,"Christ University NCR offers a variety of undergraduate and postgraduate programs including BBA, B.Com, BCA, BA, B.Sc, MBA, MCA, and MA in various disciplines."
Can students participate in inter-college competitions?,Please contact Christ University NCR for more information.
Does Christ University NCR provide placement training?,Christ University NCR has a dedicated placement cell that organizes training and invites reputed companies for campus recruitment. The average package varies by program.
Are there industry experts teaching at Christ University NCR?,Please contact Christ University NCR for more information.
What documents are required for admission at Christ University NCR?,Admissions at Christ University NCR are conducted online through the official portal. Candidates must meet eligibility criteria and may need to appear for entrance tests and interviews depending on the program.
Are there sports facilities at Christ University NCR?,Please contact Christ University NCR for more information.
Does Christ University NCR have a cafeteria?,"The campus is equipped with modern facilities including a library, computer labs, Wi-Fi, sports grounds, cafeteria, and seminar halls."
What events are held on campus at Christ University NCR?,Please contact Christ University NCR for more information.
Are there any online courses at Christ University NCR?,"Christ University NCR offers a variety of undergraduate and postgraduate programs including BBA, B.Com, BCA, BA, B.Sc, MBA, MCA, and MA in various disciplines."
What extracurricular activities are available at Christ University NCR?,Please contact Christ University NCR for more information.
Which companies visit Christ University NCR for placements?,Christ University NCR has a dedicated placement cell that organizes training and invites reputed companies for campus recruitment. The average package varies by program.
Can fees be paid in installments at Christ University NCR?,"Fee structure varies by course and includes tuition, examination, and other applicable charges. Installment options and online payment facilities are available."
Is there an entrance exam for Christ University NCR?,Admissions at Christ University NCR are conducted online through the official portal. Candidates must meet eligibility criteria and may need to appear for entrance tests and interviews depending on the program.
Is Christ University NCR affiliated to any university?,"Christ University NCR is a reputed institution affiliated with Christ (Deemed to be University), Bengaluru. It is NAAC accredited and located in Ghaziabad, NCR region."
What facilities are available at Christ University NCR?,Please contact Christ University NCR for more information.
Is there a fee concession for economically weaker students?,"Fee structure varies by course and includes tuition, examination, and other applicable charges. Installment options and online payment facilities are available."
What undergraduate programs are offered at Christ University NCR?,"Christ University NCR offers a variety of undergraduate and postgraduate programs including BBA, B.Com, BCA, BA, B.Sc, MBA, MCA, and MA in various disciplines."
Are there industry experts teaching at Christ University NCR?,Please contact Christ University NCR for more information.
How is the hostel life at Christ University NCR?,"Campus life at Christ University NCR is vibrant with numerous student clubs, cultural events, and academic societies that foster holistic development."
Is Christ University NCR affiliated to any university?,"Christ University NCR is a reputed institution affiliated with Christ (Deemed to be University), Bengaluru. It is NAAC accredited and located in Ghaziabad, NCR region."
How qualified are the faculty at Christ University NCR?,"The faculty at Christ University NCR are highly qualified, with many holding doctoral degrees and industry experience. Guest lectures and industry interactions are common."
What is campus life like at Christ University NCR?,"Campus life at Christ University NCR is vibrant with numerous student clubs, cultural events, and academic societies that foster holistic development."
Can fees be paid in installments at Christ University NCR?,"Fee structure varies by course and includes tuition, examination, and other applicable charges. Installment options and online payment facilities are available."
Is there an entrance exam for Christ University NCR?,Admissions at Christ University NCR are conducted online through the official portal. Candidates must meet eligibility criteria and may need to appear for entrance tests and interviews depending on the program.
Are there any student clubs at Christ University NCR?,"Students can participate in a wide range of activities such as inter-college competitions, cultural fests, sports events, and volunteering programs."
What are the popular courses at Christ University NCR?,"Christ University NCR offers a variety of undergraduate and postgraduate programs including BBA, B.Com, BCA, BA, B.Sc, MBA, MCA, and MA in various disciplines."
What is the fee structure at Christ University NCR?,"Fee structure varies by course and includes tuition, examination, and other applicable charges. Installment options and online payment facilities are available."
Does Christ University NCR have a cafeteria?,"The campus is equipped with modern facilities including a library, computer labs, Wi-Fi, sports grounds, cafeteria, and seminar halls."
What is the admission process at Christ University NCR?,Admissions at Christ University NCR are conducted online through the official portal. Candidates must meet eligibility criteria and may need to appear for entrance tests and interviews depending on the program.
Is Wi-Fi available on campus at Christ University NCR?,Please contact Christ University NCR for more information.
Does Christ University NCR have a cafeteria?,"The campus is equipped with modern facilities including a library, computer labs, Wi-Fi, sports grounds, cafeteria, and seminar halls."
What are the eligibility criteria for scholarships?,"Scholarships are available based on merit, sports achievements, and financial need. Students must apply with supporting documents to be considered."
Does Christ University NCR have guest lectures?,"The faculty at Christ University NCR are highly qualified, with many holding doctoral degrees and industry experience. Guest lectures and industry interactions are common."
How qualified are the faculty at Christ University NCR?,"The faculty at Christ University NCR are highly qualified, with many holding doctoral degrees and industry experience. Guest lectures and industry interactions are common."
Are internships mandatory at Christ University NCR?,Christ University NCR has a dedicated placement cell that organizes training and invites reputed companies for campus recruitment. The average package varies by program.
What is campus life like at Christ University NCR?,"Campus life at Christ University NCR is vibrant with numerous student clubs, cultural events, and academic societies that foster holistic development."
Are there scholarships for sports students?,"Scholarships are available based on merit, sports achievements, and financial need. Students must apply with supporting documents to be considered."
Are the professors approachable at Christ University NCR?,"The faculty at Christ University NCR are highly qualified, with many holding doctoral degrees and industry experience. Guest lectures and industry interactions are common."
Are there volunteering opportunities for students?,"Students can participate in a wide range of activities such as inter-college competitions, cultural fests, sports events, and volunteering programs."
Does Christ University NCR have a library?,"The campus is equipped with modern facilities including a library, computer labs, Wi-Fi, sports grounds, cafeteria, and seminar halls."
Does Christ University NCR have NAAC accreditation?,"Christ University NCR is a reputed institution affiliated with Christ (Deemed to be University), Bengaluru. It is NAAC accredited and located in Ghaziabad, NCR region."
Does Christ University NCR provide placement training?,Christ University NCR has a dedicated placement cell that organizes training and invites reputed companies for campus recruitment. The average package varies by program.
Is there a fee concession for economically weaker students?,"Fee structure varies by course and includes tuition, examination, and other applicable charges. Installment options and online payment facilities are available."
What is the average package offered at Christ University NCR?,Christ University NCR has a dedicated placement cell that organizes training and invites reputed companies for campus recruitment. The average package varies by program.
How qualified are the faculty at Christ University NCR?,"The faculty at Christ University NCR are highly qualified, with many holding doctoral degrees and industry experience. Guest lectures and industry interactions are common."
Does Christ University NCR provide placement training?,Christ University NCR has a dedicated placement cell that organizes training and invites reputed companies for campus recruitment. The average package varies by program.
What are the eligibility criteria for scholarships?,"Scholarships are available based on merit, sports achievements, and financial need. Students must apply with supporting documents to be considered."
Does Christ University NCR provide placement training?,Christ University NCR has a dedicated placement cell that organizes training and invites reputed companies for campus recruitment. The average package varies by program.
Does Christ University NCR offer scholarships?,"Scholarships are available based on merit, sports achievements, and financial need. Students must apply with supporting documents to be considered."
Are there merit-based scholarships at Christ University NCR?,"Scholarships are available based on merit, sports achievements, and financial need. Students must apply with supporting documents to be considered."
How qualified are the faculty at Christ University NCR?,"The faculty at Christ University NCR are highly qualified, with many holding doctoral degrees and industry experience. Guest lectures and industry interactions are common."
When does the admission process start at Christ University NCR?,Admissions at Christ University NCR are conducted online through the official portal. Candidates must meet eligibility criteria and may need to appear for entrance tests and interviews depending on the program.
Does Christ University NCR have a cafeteria?,"The campus is equipped with modern facilities including a library, computer labs, Wi-Fi, sports grounds, cafeteria, and seminar halls."
How is the hostel life at Christ University NCR?,"Campus life at Christ University NCR is vibrant with numerous student clubs, cultural events, and academic societies that foster holistic development."
Are there volunteering opportunities for students?,"Students can participate in a wide range of activities such as inter-college competitions, cultural fests, sports events, and volunteering programs."
Where is Christ University NCR located?,Please contact Christ University NCR for more information.
Is there a fee concession for economically weaker students?,"Fee structure varies by course and includes tuition, examination, and other applicable charges. Installment options and online payment facilities are available."
What are the eligibility criteria for scholarships?,"Scholarships are available based on merit, sports achievements, and financial need. Students must apply with supporting documents to be considered."
What extracurricular activities are available at Christ University NCR?,Please contact Christ University NCR for more information.
What is the student-faculty ratio at Christ University NCR?,"The faculty at Christ University NCR are highly qualified, with many holding doctoral degrees and industry experience. Guest lectures and industry interactions are common."
Are there scholarships for sports students?,"Scholarships are available based on merit, sports achievements, and financial need. Students must apply with supporting documents to be considered."
Can students participate in inter-college competitions?,Please contact Christ University NCR for more information.
How can I pay the fees at Christ University NCR?,"Fee structure varies by course and includes tuition, examination, and other applicable charges. Installment options and online payment facilities are available."
Is there a student council at Christ University NCR?,"Campus life at Christ University NCR is vibrant with numerous student clubs, cultural events, and academic societies that foster holistic development."
How is the hostel life at Christ University NCR?,"Campus life at Christ University NCR is vibrant with numerous student clubs, cultural events, and academic societies that foster holistic development."
Does Christ University NCR offer scholarships?,"Scholarships are available based on merit, sports achievements, and financial need. Students must apply with supporting documents to be considered."
What is the average package offered at Christ University NCR?,Christ University NCR has a dedicated placement cell that organizes training and invites reputed companies for campus recruitment. The average package varies by program.
When does the admission process start at Christ University NCR?,Admissions at Christ University NCR are conducted online through the official portal. Candidates must meet eligibility criteria and may need to appear for entrance tests and interviews depending on the program.
Are there volunteering opportunities for students?,"Students can participate in a wide range of activities such as inter-college competitions, cultural fests, sports events, and volunteering programs."
Are there merit-based scholarships at Christ University NCR?,"Scholarships are available based on merit, sports achievements, and financial need. Students must apply with supporting documents to be considered."
Does Christ University NCR have a library?,"The campus is equipped with modern facilities including a library, computer labs, Wi-Fi, sports grounds, cafeteria, and seminar halls."
What are the eligibility criteria for scholarships?,"Scholarships are available based on merit, sports achievements, and financial need. Students must apply with supporting documents to be considered."
Are there any additional charges apart from tuition?,"Fee structure varies by course and includes tuition, examination, and other applicable charges. Installment options and online payment facilities are available."
What is the fee structure at Christ University NCR?,"Fee structure varies by course and includes tuition, examination, and other applicable charges. Installment options and online payment facilities are available."
Does Christ University NCR have guest lectures?,"The faculty at Christ University NCR are highly qualified, with many holding doctoral degrees and industry experience. Guest lectures and industry interactions are common."
Where is Christ University NCR located?,Please contact Christ University NCR for more information.
Are there any additional charges apart from tuition?,"Fee structure varies by course and includes tuition, examination, and other applicable charges. Installment options and online payment facilities are available."
Are there industry experts teaching at Christ University NCR?,Please contact Christ University NCR for more information.
What events are held on campus at Christ University NCR?,Please contact Christ University NCR for more information.
When does the admission process start at Christ University NCR?,Admissions at Christ University NCR are conducted online through the official portal. Candidates must meet eligibility criteria and may need to appear for entrance tests and interviews depending on the program.
What is the contact number of Christ University NCR?,"Christ University NCR is a reputed institution affiliated with Christ (Deemed to be University), Bengaluru. It is NAAC accredited and located in Ghaziabad, NCR region."
Are there any online courses at Christ University NCR?,"Christ University NCR offers a variety of undergraduate and postgraduate programs including BBA, B.Com, BCA, BA, B.Sc, MBA, MCA, and MA in various disciplines."
Does Christ University NCR offer scholarships?,"Scholarships are available based on merit, sports achievements, and financial need. Students must apply with supporting documents to be considered."
How qualified are the faculty at Christ University NCR?,"The faculty at Christ University NCR are highly qualified, with many holding doctoral degrees and industry experience. Guest lectures and industry interactions are common."
What are the eligibility criteria for scholarships?,"Scholarships are available based on merit, sports achievements, and financial need. Students must apply with supporting documents to be considered."
Is there a student council at Christ University NCR?,"Campus life at Christ University NCR is vibrant with numerous student clubs, cultural events, and academic societies that foster holistic development."
What is the fee structure at Christ University NCR?,"Fee structure varies by course and includes tuition, examination, and other applicable charges. Installment options and online payment facilities are available."
Where is Christ University NCR located?,Please contact Christ University NCR for more information.
Are internships mandatory at Christ University NCR?,Christ University NCR has a dedicated placement cell that organizes training and invites reputed companies for campus recruitment. The average package varies by program.
Which companies visit Christ University NCR for placements?,Christ University NCR has a dedicated placement cell that organizes training and invites reputed companies for campus recruitment. The average package varies by program.
Can fees be paid in installments at Christ University NCR?,"Fee structure varies by course and includes tuition, examination, and other applicable charges. Installment options and online payment facilities are available."
Is BBA available at Christ University NCR?,"Christ University NCR offers a variety of undergraduate and postgraduate programs including BBA, B.Com, BCA, BA, B.Sc, MBA, MCA, and MA in various disciplines."
What facilities are available at Christ University NCR?,Please contact Christ University NCR for more information.
What are the annual fests at Christ University NCR?,"Students can participate in a wide range of activities such as inter-college competitions, cultural fests, sports events, and volunteering programs."
Does Christ University NCR have NAAC accreditation?,"Christ University NCR is a reputed institution affiliated with Christ (Deemed to be University), Bengaluru. It is NAAC accredited and located in Ghaziabad, NCR region."
Is there a fee concession for economically weaker students?,"Fee structure varies by course and includes tuition, examination, and other applicable charges. Installment options and online payment facilities are available."
Are there any student clubs at Christ University NCR?,"Students can participate in a wide range of activities such as inter-college competitions, cultural fests, sports events, and volunteering programs."
Does Christ University NCR have NAAC accreditation?,"Christ University NCR is a reputed institution affiliated with Christ (Deemed to be University), Bengaluru. It is NAAC accredited and located in Ghaziabad, NCR region."
Are there any additional charges apart from tuition?,"Fee structure varies by course and includes tuition, examination, and other applicable charges. Installment options and online payment facilities are available."
What is the admission process at Christ University NCR?,Admissions at Christ University NCR are conducted online through the official portal. Candidates must meet eligibility criteria and may need to appear for entrance tests and interviews depending on the program.
Does Christ University NCR offer scholarships?,"Scholarships are available based on merit, sports achievements, and financial need. Students must apply with supporting documents to be considered."
What is campus life like at Christ University NCR?,"Campus life at Christ University NCR is vibrant with numerous student clubs, cultural events, and academic societies that foster holistic development."
Is Christ University NCR affiliated to any university?,"Christ University NCR is a reputed institution affiliated with Christ (Deemed to be University), Bengaluru. It is NAAC accredited and located in Ghaziabad, NCR region."
How qualified are the faculty at Christ University NCR?,"The faculty at Christ University NCR are highly qualified, with many holding doctoral degrees and industry experience. Guest lectures and industry interactions are common."
What events are held on campus at Christ University NCR?,Please contact Christ University NCR for more information.
What extracurricular activities are available at Christ University NCR?,Please contact Christ University NCR for more information.
Are there any online courses at Christ University NCR?,"Christ University NCR offers a variety of undergraduate and postgraduate programs including BBA, B.Com, BCA, BA, B.Sc, MBA, MCA, and MA in various disciplines."
Are there any student clubs at Christ University NCR?,"Students can participate in a wide range of activities such as inter-college competitions, cultural fests, sports events, and volunteering programs."
What are the popular courses at Christ University NCR?,"Christ University NCR offers a variety of undergraduate and postgraduate programs including BBA, B.Com, BCA, BA, B.Sc, MBA, MCA, and MA in various disciplines."
Is there a student council at Christ University NCR?,"Campus life at Christ University NCR is vibrant with numerous student clubs, cultural events, and academic societies that foster holistic development."
Are there volunteering opportunities for students?,"Students can participate in a wide range of activities such as inter-college competitions, cultural fests, sports events, and volunteering programs."
How can I pay the fees at Christ University NCR?,"Fee structure varies by course and includes tuition, examination, and other applicable charges. Installment options and online payment facilities are available."
How is the hostel life at Christ University NCR?,"Campus life at Christ University NCR is vibrant with numerous student clubs, cultural events, and academic societies that foster holistic development."
Are there merit-based scholarships at Christ University NCR?,"Scholarships are available based on merit, sports achievements, and financial need. Students must apply with supporting documents to be considered."
What is the fee structure at Christ University NCR?,"Fee structure varies by course and includes tuition, examination, and other applicable charges. Installment options and online payment facilities are available."
What undergraduate programs are offered at Christ University NCR?,"Christ University NCR offers a variety of undergraduate and postgraduate programs including BBA, B.Com, BCA, BA, B.Sc, MBA, MCA, and MA in various disciplines."
Are internships mandatory at Christ University NCR?,Christ University NCR has a dedicated placement cell that organizes training and invites reputed companies for campus recruitment. The average package varies by program.
Is BBA available at Christ University NCR?,"Christ University NCR offers a variety of undergraduate and postgraduate programs including BBA, B.Com, BCA, BA, B.Sc, MBA, MCA, and MA in various disciplines."
Is BBA available at Christ University NCR?,"Christ University NCR offers a variety of undergraduate and postgraduate programs including BBA, B.Com, BCA, BA, B.Sc, MBA, MCA, and MA in various disciplines."
How can I pay the fees at Christ University NCR?,"Fee structure varies by course and includes tuition, examination, and other applicable charges. Installment options and online payment facilities are available."
What is the average package offered at Christ University NCR?,Christ University NCR has a dedicated placement cell that organizes training and invites reputed companies for campus recruitment. The average package varies by program.
How are the placements at Christ University NCR?,Christ University NCR has a dedicated placement cell that organizes training and invites reputed companies for campus recruitment. The average package varies by program.
What is the official website of Christ University NCR?,The link of the official website
Are there sports facilities at Christ University NCR?,"Yes, Christ (Deemed to be University), Delhi NCR campus, offers extensive sports facilities designed for both indoor and outdoor activities to promote physical fitness. Key facilities include dedicated spaces for cricket, basketball, volleyball, football, badminton, and table tennis. The campus also features gymnasiums, fitness centers, and hosts annual sports events like Pedagogic League."
How qualified are the faculty at Christ University NCR?,"The faculty at Christ University NCR are highly qualified, with many holding doctoral degrees and industry experience. Guest lectures and industry interactions are common."
Is Wi-Fi available on campus at Christ University NCR?,"Yes, Wi-Fi is available at the Christ University Delhi NCR campus in Ghaziabad.The campus provides the following connectivity options for students:Campus-Wide Access: The entire campus is networked via Optical Fibre Cable (OFC)and all classrooms, departments, and public places are Wi-Fi enabled.
Computer Centres: There are two computer centers (Block A, First Floor and Block B,Second Floor) that house 60 high-performance systems each with high-speedinternet.
Library: The library is Wi-Fi enabled to facilitate easy access to subscribed digital databases and content.Hostels: Dedicated on-campus residences like Christ Hall, St. Joseph's Residence Hall and Christ Residence Apartments provide Wi-Fi enabled rooms and recreational halls for 24-hour access.Access Requirements:Users may need to have their devices configured by the university's IT department to access the student network, particularly for laptops."
Are there cultural events at Christ University NCR?,"Yes, Christ University NCR has a highly active cultural scene managed primarily by the (SWO) Student WelfaareOffice . Events range from massive inter-collegiate fests to talent searches and department-specific celebrations. 
Major Annual Events
•	Bhasha Utsav & Ethnic Day: This is the university's flagship celebration of diversity. Students dress in traditional ethnic attire and participate in processions and cultural performances that showcase various Indian heritages.
•	Magnificat: An annual Christmas-themed musical event featuring the University Choir and orchestral performances.
•	Darpan: An intra-university talent search where new students can showcase their skills in dance, music, art, and theatre.
•	Nritta: The dedicated ""University Dance Day,"" typically held in February or March, featuring classical and contemporary performances by the Natyaarpana dance team.
Departmental & Specialised Fests
•	Equinox: A departmental fest featuring diverse competitions like western group dance (Groove Gala), photography, and startup pitches.
•	Annual Day: A grand university-level celebration held every January to recognize student achievements.
•	Dhundh: A prominent theatrical production staged annually by the Centre for Social Action (CSA).
•	Arome: An annual food festival hosted by the Department of Hotel Management. 
Cultural life is supported by several dedicated student ""wings,"" including the University Choir, Natyaarpana (Dance), Fireflies (Theatre), and the Debating Society.
Yes, Christ University NCR has a highly active cultural scene managed primarily by the (SWO) Student WelfaareOffice . Events range from massive inter-collegiate fests to talent searches and department-specific celebrations. 
Major Annual Events
•	Bhasha Utsav & Ethnic Day: This is the university's flagship celebration of diversity. Students dress in traditional ethnic attire and participate in processions and cultural performances that showcase various Indian heritages.
•	Magnificat: An annual Christmas-themed musical event featuring the University Choir and orchestral performances.
•	Darpan: An intra-university talent search where new students can showcase their skills in dance, music, art, and theatre.
•	Nritta: The dedicated ""University Dance Day,"" typically held in February or March, featuring classical and contemporary performances by the Natyaarpana dance team.
Departmental & Specialised Fests
•	Equinox: A departmental fest featuring diverse competitions like western group dance (Groove Gala), photography, and startup pitches.
•	Annual Day: A grand university-level celebration held every January to recognize student achievements.
•	Dhundh: A prominent theatrical production staged annually by the Centre for Social Action (CSA).
•	Arome: An annual food festival hosted by the Department of Hotel Management. 
Cultural life is supported by several dedicated student ""wings,"" including the University Choir, Natyaarpana (Dance), Fireflies (Theatre), and the Debating Society.
"
What is campus life like at Christ University NCR?,"Campus life at Christ University NCR is vibrant with numerous student clubs, cultural events, and academic societies that foster holistic development."
Does Christ University NCR have a cafeteria?,"The campus is equipped with modern facilities including a library, computer labs, Wi-Fi, sports grounds, cafeteria, and seminar halls."
Are the professors approachable at Christ University NCR?,"The faculty at Christ University NCR are highly qualified, with many holding doctoral degrees and industry experience. Guest lectures and industry interactions are common."
What is the fee structure at Christ University NCR?,"Fee structure varies by course and includes tuition, examination, and other applicable charges. Installment options and online payment facilities are available."
What are the eligibility criteria for scholarships?,"Scholarships are available based on merit, sports achievements, and financial need. Students must apply with supporting documents to be considered."
Are there industry experts teaching at Christ University NCR?,Please contact Christ University NCR for more information.
Is Christ University NCR affiliated to any university?,"Christ University NCR is a reputed institution affiliated with Christ (Deemed to be University), Bengaluru. It is NAAC accredited and located in Ghaziabad, NCR region."
Does Christ University NCR have a library?,"The campus is equipped with modern facilities including a library, computer labs, Wi-Fi, sports grounds, cafeteria, and seminar halls."
Does Christ University NCR have guest lectures?,"The faculty at Christ University NCR are highly qualified, with many holding doctoral degrees and industry experience. Guest lectures and industry interactions are common."
Which companies visit Christ University NCR for placements?,Christ University NCR has a dedicated placement cell that organizes training and invites reputed companies for campus recruitment. The average package varies by program.
Is Wi-Fi available on campus at Christ University NCR?,Please contact Christ University NCR for more information.
Which companies visit Christ University NCR for placements?,Christ University NCR has a dedicated placement cell that organizes training and invites reputed companies for campus recruitment. The average package varies by program.
Is Christ University NCR affiliated to any university?,"Christ University NCR is a reputed institution affiliated with Christ (Deemed to be University), Bengaluru. It is NAAC accredited and located in Ghaziabad, NCR region."
What are the popular courses at Christ University NCR?,"Christ University NCR offers a variety of undergraduate and postgraduate programs including BBA, B.Com, BCA, BA, B.Sc, MBA, MCA, and MA in various disciplines."
Does Christ University NCR have a cafeteria?,"The campus is equipped with modern facilities including a library, computer labs, Wi-Fi, sports grounds, cafeteria, and seminar halls."
Can students participate in inter-college competitions?,Please contact Christ University NCR for more information.
What documents are required for admission at Christ University NCR?,Admissions at Christ University NCR are conducted online through the official portal. Candidates must meet eligibility criteria and may need to appear for entrance tests and interviews depending on the program.
Are there merit-based scholarships at Christ University NCR?,"Scholarships are available based on merit, sports achievements, and financial need. Students must apply with supporting documents to be considered."
What is campus life like at Christ University NCR?,"Campus life at Christ University NCR is vibrant with numerous student clubs, cultural events, and academic societies that foster holistic development."
How qualified are the faculty at Christ University NCR?,"The faculty at Christ University NCR are highly qualified, with many holding doctoral degrees and industry experience. Guest lectures and industry interactions are common."
Can international students apply to Christ University NCR?,Admissions at Christ University NCR are conducted online through the official portal. Candidates must meet eligibility criteria and may need to appear for entrance tests and interviews depending on the program.
What are the annual fests at Christ University NCR?,"Students can participate in a wide range of activities such as inter-college competitions, cultural fests, sports events, and volunteering programs."
Can fees be paid in installments at Christ University NCR?,"Fee structure varies by course and includes tuition, examination, and other applicable charges. Installment options and online payment facilities are available."
How is the hostel life at Christ University NCR?,"Campus life at Christ University NCR is vibrant with numerous student clubs, cultural events, and academic societies that foster holistic development."
What are the annual fests at Christ University NCR?,"Students can participate in a wide range of activities such as inter-college competitions, cultural fests, sports events, and volunteering programs."
What is the admission process at Christ University NCR?,Admissions at Christ University NCR are conducted online through the official portal. Candidates must meet eligibility criteria and may need to appear for entrance tests and interviews depending on the program.
What are the popular courses at Christ University NCR?,"Christ University NCR offers a variety of undergraduate and postgraduate programs including BBA, B.Com, BCA, BA, B.Sc, MBA, MCA, and MA in various disciplines."
What undergraduate programs are offered at Christ University NCR?,"Christ University NCR offers a variety of undergraduate and postgraduate programs including BBA, B.Com, BCA, BA, B.Sc, MBA, MCA, and MA in various disciplines."
Are there volunteering opportunities for students?,"Students can participate in a wide range of activities such as inter-college competitions, cultural fests, sports events, and volunteering programs."
Can fees be paid in installments at Christ University NCR?,"Fee structure varies by course and includes tuition, examination, and other applicable charges. Installment options and online payment facilities are available."
Are there any student clubs at Christ University NCR?,"Students can participate in a wide range of activities such as inter-college competitions, cultural fests, sports events, and volunteering programs."
Is Wi-Fi available on campus at Christ University NCR?,Please contact Christ University NCR for more information.
How can I pay the fees at Christ University NCR?,"Fee structure varies by course and includes tuition, examination, and other applicable charges. Installment options and online payment facilities are available."
Does Christ University NCR have a library?,"The campus is equipped with modern facilities including a library, computer labs, Wi-Fi, sports grounds, cafeteria, and seminar halls."
Can international students apply to Christ University NCR?,Admissions at Christ University NCR are conducted online through the official portal. Candidates must meet eligibility criteria and may need to appear for entrance tests and interviews depending on the program.
What is the admission process at Christ University NCR?,Admissions at Christ University NCR are conducted online through the official portal. Candidates must meet eligibility criteria and may need to appear for entrance tests and interviews depending on the program.
When does the admission process start at Christ University NCR?,Admissions at Christ University NCR are conducted online through the official portal. Candidates must meet eligibility criteria and may need to appear for entrance tests and interviews depending on the program.
When does the admission process start at Christ University NCR?,Admissions at Christ University NCR are conducted online through the official portal. Candidates must meet eligibility criteria and may need to appear for entrance tests and interviews depending on the program.
Are there scholarships for sports students?,"Scholarships are available based on merit, sports achievements, and financial need. Students must apply with supporting documents to be considered."
What are the eligibility criteria for scholarships?,"Scholarships are available based on merit, sports achievements, and financial need. Students must apply with supporting documents to be considered."
What are the popular courses at Christ University NCR?,"Christ University NCR offers a variety of undergraduate and postgraduate programs including BBA, B.Com, BCA, BA, B.Sc, MBA, MCA, and MA in various disciplines."
Does Christ University NCR offer scholarships?,"Scholarships are available based on merit, sports achievements, and financial need. Students must apply with supporting documents to be considered."
Does Christ University NCR have a cafeteria?,"The campus is equipped with modern facilities including a library, computer labs, Wi-Fi, sports grounds, cafeteria, and seminar halls."
What undergraduate programs are offered at Christ University NCR?,"Christ University NCR offers a variety of undergraduate and postgraduate programs including BBA, B.Com, BCA, BA, B.Sc, MBA, MCA, and MA in various disciplines."
Are there any student clubs at Christ University NCR?,"Students can participate in a wide range of activities such as inter-college competitions, cultural fests, sports events, and volunteering programs."
Is there a fee concession for economically weaker students?,"Fee structure varies by course and includes tuition, examination, and other applicable charges. Installment options and online payment facilities are available."
Can students participate in inter-college competitions?,Please contact Christ University NCR for more information.
What are the annual fests at Christ University NCR?,"Students can participate in a wide range of activities such as inter-college competitions, cultural fests, sports events, and volunteering programs."
Is Wi-Fi available on campus at Christ University NCR?,Please contact Christ University NCR for more information.
How are the placements at Christ University NCR?,Christ University NCR has a dedicated placement cell that organizes training and invites reputed companies for campus recruitment. The average package varies by program.
Are the professors approachable at Christ University NCR?,"The faculty at Christ University NCR are highly qualified, with many holding doctoral degrees and industry experience. Guest lectures and industry interactions are common."
What is the student-faculty ratio at Christ University NCR?,"The faculty at Christ University NCR are highly qualified, with many holding doctoral degrees and industry experience. Guest lectures and industry interactions are common."
Which companies visit Christ University NCR for placements?,Christ University NCR has a dedicated placement cell that organizes training and invites reputed companies for campus recruitment. The average package varies by program.
Are there any student clubs at Christ University NCR?,"Students can participate in a wide range of activities such as inter-college competitions, cultural fests, sports events, and volunteering programs."
Are the professors approachable at Christ University NCR?,"The faculty at Christ University NCR are highly qualified, with many holding doctoral degrees and industry experience. Guest lectures and industry interactions are common."
Does Christ University NCR have a cafeteria?,"The campus is equipped with modern facilities including a library, computer labs, Wi-Fi, sports grounds, cafeteria, and seminar halls."
Are there cultural events at Christ University NCR?,"Students can participate in a wide range of activities such as inter-college competitions, cultural fests, sports events, and volunteering programs."
What extracurricular activities are available at Christ University NCR?,Please contact Christ University NCR for more information.
Are there merit-based scholarships at Christ University NCR?,"Scholarships are available based on merit, sports achievements, and financial need. Students must apply with supporting documents to be considered."
Are there sports facilities at Christ University NCR?,Please contact Christ University NCR for more information.
Does Christ University NCR have guest lectures?,"The faculty at Christ University NCR are highly qualified, with many holding doctoral degrees and industry experience. Guest lectures and industry interactions are common."
What is campus life like at Christ University NCR?,"Campus life at Christ University NCR is vibrant with numerous student clubs, cultural events, and academic societies that foster holistic development."
Are there any online courses at Christ University NCR?,"Christ University NCR offers a variety of undergraduate and postgraduate programs including BBA, B.Com, BCA, BA, B.Sc, MBA, MCA, and MA in various disciplines."
How can I pay the fees at Christ University NCR?,"Fee structure varies by course and includes tuition, examination, and other applicable charges. Installment options and online payment facilities are available."
When does the admission process start at Christ University NCR?,Admissions at Christ University NCR are conducted online through the official portal. Candidates must meet eligibility criteria and may need to appear for entrance tests and interviews depending on the program.
Tell me about Christ University NCR,"Christ University NCR, located in Ghaziabad, is part of Christ (Deemed to be University), Bengaluru. It offers undergraduate, postgraduate, and doctoral programs across disciplines such as commerce, management, law, computer science, and humanities. The campus provides modern facilities, vibrant student life, and strong placement support."
What is the student–faculty ratio?,"The student–faculty ratio at Christ (Deemed to be University), Delhi NCR campus generally ranges between 1:20 and 1:50"
Which companies regularly recruit from Christ University?,"Christ University Delhi NCR (Ghaziabad) attracts top recruiters across sectors, with consistent hiring from major firms like EY, Deloitte, KPMG, Infosys, Wipro, and HDFC Bank. The campus holds strong placement records, with top recruiters including Amazon, Grant Thornton, Genpact, Accenture, and Zomato, generally offering positions in consultancy, IT, and management. "
Does the university offer career counseling or entrepreneurship support?,"Yes, Christ (Deemed to be University) offers extensive career counseling and entrepreneurship support through dedicated centers, including personalized career guidance, placement training, and a specialized incubation cell for startups. "
How does Christ University maintain its academic standards and reputation?,"Christ University maintains high academic standards and its reputation through a rigorous, disciplined environment, a strong focus on research, continuous feedback mechanisms, and strict adherence to quality benchmarks. Key strategies include a mandatory 85% attendance rule, experienced faculty with research focus, and proactive student mentoring. "
when are christ first semester end semester examination held,"For most undergraduate (UG) and postgraduate (PG) programmes at Christ (Deemed to be University), the first-semester end-semester examinations (odd semester) are typically held in October Mid-Semester: Mid-semester examinations (MSE) for the first semester are usually conducted in August."
"Question,Answer",
"What is Christ University best known for academically?,""It is renowned for programs in commerce, management, law, humanities, and social sciences.""",
"Does Christ University offer engineering courses?,""Yes, through the Faculty of Engineering, offering B.Tech programs in multiple specializations.""",
"What is the medium of instruction?,""Primarily English, though some courses may include regional language components.""",
"How is the MBA program ranked?,""Christ University’s MBA is consistently ranked among the top private B-schools in India.""",
"Does Christ University have PhD programs?,""Yes, it offers doctoral programs across disciplines like commerce, law, psychology, and engineering.""",
"How do I apply for undergraduate programs?,""Applications are submitted online via Christ University’s official portal.""",
"Is there an entrance exam?,""Yes, Christ University Entrance Test (CUET) is conducted for many UG and PG programs.""",
"What is the eligibility for BBA?,""Completion of 12th grade with at least 50% marks from a recognized board.""",
"Does Christ University accept international students?,""Yes, it has a dedicated International Office for foreign applicants.""",
"Are interviews part of the admission process?,""Yes, many programs require a personal interview after the entrance test.""",
"Where is Christ University located?,""Its main campus is in Bengaluru, Karnataka, with additional campuses in Delhi NCR, Pune, and Lavasa.""",
"Is Christ University a private or public institution?,""It is a private deemed-to-be university.""",
"What is the student strength?,""Christ University has over 25,000 students across campuses.""",
"Does Christ University provide hostel facilities?,""Yes, hostels are available for both male and female students.""",
"How is the campus life?,""Campus life is vibrant with cultural fests, clubs, and student organizations.""",
"Does Christ University have sports facilities?,""Yes, it has grounds and courts for cricket, football, basketball, and more.""",
"What is the annual cultural fest called?,""It is called 'In-Bloom,' one of the largest college fests in Bengaluru.""",
"Does Christ University have international collaborations?,""Yes, it partners with universities worldwide for exchange programs and research.""",
"How are placements at Christ University?,""Placements are strong, with top recruiters from IT, consulting, finance, and FMCG sectors.""",
"What is the average package for MBA graduates?,""The average package ranges between 6–8 LPA, with some offers going higher.""",
"Does Christ University provide scholarships?,""Yes, merit-based and need-based scholarships are available.""",
"Is Christ University NAAC accredited?,""Yes, it has been accredited with an 'A+' grade by NAAC.""",
"Does Christ University have a law school?,""Yes, the School of Law offers BA LLB, BBA LLB, and LLM programs.""",
"Are there research centers at Christ University?,""Yes, multiple centers focus on interdisciplinary research.""",
"Does Christ University have alumni networks?,""Yes, it has a strong alumni association with global presence.""",
Where is the Delhi NCR campus located?,"The Christ (Deemed to be University) Delhi NCR campus is located at Mariam Nagar, Meerut Road, Ghaziabad - 201003, Uttar Pradesh, India. It is situated roughly 20 km from Delhi, 1.6 km from the Hindon River Metro Station, and 5 km from Hindon Airport."
What are Christ University Graduate Attributes?,"Holistic Development to foster ""whole person growth,"" aiming to create socially responsible, academically proficient, and ethically sound individuals. Graduates are expected to possess core competencies in personal, interpersonal, and societal skills, including academic excellence, professionalism, and integrity"
what are the anti-ragging regulations in christ university,"Christ University totally prohibits all forms of ragging within and outside its campuses (academic, residential, sports, canteens), adhering to UGC regulations. Violators face severe penalties, including suspension, expulsion, and criminal proceedings. A mandatory online anti-ragging undertaking is required annually."
Does the university provide counseling services?,"Yes, CHRIST (Deemed to be University) provides comprehensive counseling services through its Centre for Counselling and Health Services (CCHS). "
Are skill development workshops conducted?,"Yes, Christ (Deemed to be University) actively conducts regular skill development workshops, seminars, and training sessions across its campuses to enhance both soft and technical skills for students and faculty. These programs cover areas like professional communication, data analysis (Power BI), meditation, and field-specific technical skills."
How does the university support students in developing leadership skills?,"Christ University supports student leadership development through structured programs like the Student Leadership and Development Program (SLDP) and the Future Leaders Programme for Christites (FLPC), focusing on skills like decision-making, communication, and strategic thinking. Initiatives include workshops, mentorship, student council roles, NSS/CSA volunteering, and cultural fests that provide hands-on experience in management and teamwork"
